<?xml version="1.0" encoding="UTF-8" standalone="yes"?>
<addon id="script.mittens.metadata" version="1.0.2" name="Mittens Metadata" provider-name="Mittens">
	<requires>
		<import addon="xbmc.python" version="2.19.0"/>
	</requires>
	<extension point="xbmc.python.module" library="lib" />
	<extension point="xbmc.addon.metadata">
		<summary>Metadata for the Mittens Addon</summary>
		<description>Metadata for Mittens are maintained separately to make distribution of the the addon itself easier/faster.</description>
		<platform>all</platform>
	</extension>
</addon>
