
<item>
<title>[COLOR gold]New Releases[/COLOR]</title>
</item>

<item>
        <title>The 13th Friday (2017)</title>
        <meta>
                <content>movie</content>
                <imdb>tt5994894</imdb>
                <title>The 13th Friday</title>
                <year>2017</year>
                
        </meta>
        <link>
                <sublink>https://weshare.me/c77d0332b60d8844/The.13th.Friday.2017.WEB-DL.x264-ION10.mp4 (720 Web DL)</sublink>
                <sublink>search</sublink>
                <sublink>searchsd</sublink>
        </link>
        
        <thumbnail>https://image.tmdb.org/t/p/original/9JizR6xY8xi2qSD3NNjkFEwz7I.jpg</thumbnail>
        <fanart>https://i.imgur.com/WNQdmhL.jpg</fanart>
</item>


<item>
<title>78/52: Hitchcock's Shower Scene</title>
<meta>
<content>movie</content>
<imdb>tt4372240</imdb>
<title>78/52: Hitchcock's Shower Scene</title>
<year></year>
    
</meta>
<link>
<sublink>https://streamango.com/f/qldkpssakadbsqot/7852_Hitchcock_s_Shower_Scene_mp4(1080p)</sublink>
<sublink>search</sublink>
<sublink>searchsd</sublink>
</link>
        
<thumbnail>https://image.tmdb.org/t/p/w640/uwVm5DQrpKwc1boivK8zcpWfI4q.jpg</thumbnail>
<fanart>https://image.tmdb.org/t/p/w533_and_h300_bestv2/4WGqXK1FHXKWlDXNkYlhWJmj6ME.jpg</fanart>
</item>


<item>
<title>A Bad Moms Christmas</title>
<meta>
<content>movie</content>
<imdb>tt6359956</imdb>
<title>A Bad Moms Christmas</title>
<year>2017</year>
<genre></genre>
</meta>
<link>
<sublink>https://weshare.me/2791fbd32bc95c85/A_Bad_Moms_Christmas.2017.1080p.WEB-DL.X264.AC3-EVO.mkv</sublink>
<sublink>search</sublink>
</link>
<thumbnail>https://images-na.ssl-images-amazon.com/images/M/MV5BMTUwNTA4MDMxNl5BMl5BanBnXkFtZTgwMjE4NjQ0MzI@._V1_UY1200_CR90,0,630,1200_AL_.jpg</thumbnail>
<fanart>https://cdn.empireonline.com/jpg/80/0/0/1000/563/0/north/0/0/0/0/0/t/films/431530/images/oR4u6ZlLx0nVUuq1OfYKuwVhtkg.jpg</fanart>
</item>




<item>
<title>A Tale Of Two Coreys</title>
<meta>
<content>movie</content>
<imdb>tt6998122</imdb>
<title>A Tale Of Two Coreys</title>
<year>2018</year>
<genre></genre>
</meta>
<link>
<sublink>https://weshare.me/74e0a50e1c102d11/a.tale.of.two.coreys.2018.720p.web.h264-tbs[ettv].mkv</sublink>
<sublink>https://uptostream.com/q4cbowipfizn</sublink>
<sublink>search</sublink>
</link>
<thumbnail>https://images-na.ssl-images-amazon.com/images/M/MV5BZjNjODI3ZDEtMmZhYS00Yzc0LTk5ZDMtNWNmNGQ0MGIyOGU0XkEyXkFqcGdeQXVyMTU0NjY0NDg@._V1_UX182_CR0,0,182,268_AL_.jpg</thumbnail>
<fanart></fanart>
</item>

<item>
        <title>Abe and Phil's Last Poker Game</title>
        <meta>
                <content>movie</content>
                <imdb>tt5175636</imdb>
                <title>Abe and Phil's Last Poker Game</title>
                <year>2017</year>
                
        </meta>
        <link>
                <sublink>https://streamango.com/f/nkeclcsbcdpmootq/Abe_and_Phils_Last_Poker_Game_2017_HDRip_XviD_AC3-EVO_avi(HDRIP)</sublink>
                <sublink>search</sublink>
                <sublink>searchsd</sublink>
        </link>
        
        <thumbnail>https://image.tmdb.org/t/p/w640/hOQmku32jBtEyF4rwzjOKHwUdTh.jpg</thumbnail>
        <fanart>http://media.themalaymailonline.com/uploads/blurbs/2017/2017-11/Abe_Phils_Last_Poker_Game_291117.jpg</fanart>
</item>


<item>
        <title>Acts of Violence</title>
        <meta>
                <content>movie</content>
                <imdb>tt6684714</imdb>
                <title>Acts of Violence</title>
                <year>2018</year>
               
        </meta>
        <link>
                <sublink>http://uptobox.com/n0cy23lnpgo2 (720p)</sublink>
        	<sublink>http://uptobox.com/g4t09n8ef4n3 (HDRIP)</sublink>
                <sublink>search</sublink>
                <sublink>searchsd</sublink>
        </link>
        
        <thumbnail>https://image.tmdb.org/t/p/w640/pK9CugRd3DIP0THBH8WlGrvk5vy.jpg</thumbnail>
        <fanart>https://image.tmdb.org/t/p/w533_and_h300_bestv2/67igYEIDAFn7gr0YzgiiqjuvRoX.jpg</fanart>
</item>

<item>
<title>All I See Is You</title>
<meta>
<content>movie</content>
<imdb>tt4486986</imdb>
<title>All I See Is You</title>
<year>2016</year>
    
</meta>
<link>
<sublink>https://weshare.me/e54e065dbb8567b3/All_I_See_Is_You.mp4(HDRIP)</sublink>
<sublink>search</sublink>
<sublink>searchsd</sublink>
</link>
        
<thumbnail>https://image.tmdb.org/t/p/w640/wc9MgFWuBl3VS72w6VtiZXTgN79.jpg</thumbnail>
<fanart>https://image.tmdb.org/t/p/w533_and_h300_bestv2/idyebQjC7dFpBd7eLiSFhvgPOS5.jpg</fanart>
</item>

<item>
<title>American Satan</title>
<meta>
<content>movie</content>
<imdb>tt5451690</imdb>
<title>American Satan</title>
<year>2017</year>
    
</meta>
<link>
<sublink>https://streamango.com/f/mmonlkekqqbqsmto/American_Satan_2018_1080_WEB-DL_H264_AC3-EVO_mkv(1080p)</sublink>
<sublink>https://streamango.com/f/kalbnlmpdmpaqlar/American_Satan_mp4(HDRIP)</sublink>
<sublink>search</sublink>
<sublink>searchsd</sublink>
</link>
        
<thumbnail>https://image.tmdb.org/t/p/w640/cr6ucnzCo7V3VP38tdqpShGp6jf.jpg</thumbnail>
<fanart>https://image.tmdb.org/t/p/w533_and_h300_bestv2/5otnOEk546lpoBza4otdmaVzKcL.jpg</fanart>
</item>

<item>
        <title>Asylum of Fear</title>
        <meta>
                <content>movie</content>
                <imdb>tt3289080</imdb>
                <title>Asylum of Fear</title>
                <year>2018</year>
        
        </meta>
        <link>
        <sublink>https://streamango.com/f/lbskbaskrfnnsnop/Asylum_of_Fear_mp4(HDRIP)</sublink>
                <sublink>search</sublink>
                <sublink>searchsd</sublink>
        </link>
        
        <thumbnail>https://image.tmdb.org/t/p/w640/lZDP4v6VymLIiOU9AoBkMLCt9bd.jpg</thumbnail>
        <fanart>https://image.tmdb.org/t/p/w533_and_h300_bestv2/3lWilJkWXUI951sldBjnp95fmgf.jpg</fanart>
</item>

<item>
<title>Battalion</title>
<meta>
<content>movie</content>
<imdb>tt5207004</imdb>
<title>Battalion</title>
<year>2018</year>
<summary>After a war against an enemy from another world breaks out in the South Pacific, a group of freshly recruited U.S. Marines are sent to the front lines.</summary>
    
</meta>
<link>
<sublink>https://streamango.com/f/sdrrlpslfbccaaap/Battalion.mp4(HDRIP)</sublink>
<sublink>search</sublink>
<sublink>searchsd</sublink>
</link>
        
<thumbnail>https://image.tmdb.org/t/p/w640/6HPHEXmgCA3Xfe6TB56inlGdmsR.jpg</thumbnail>
<fanart>https://image.tmdb.org/t/p/w640/6HPHEXmgCA3Xfe6TB56inlGdmsR.jpg</fanart>
</item>

<item>
        <title>The Beyond (2017)720WebDL</title>
        <meta>
                <content>movie</content>
                <imdb>tt5723416</imdb>
                <title>The Beyond</title>
                <year>2017</year>
                
        </meta>
        <link>
                <sublink>https://weshare.me/5b37040a3b2ead9f/The+Beyond+(2017)+[720p]+WEB-DL+x264+AAC-Hon3y+mkv.mp4(720p)</sublink>
                <sublink>search</sublink>
                <sublink>searchsd</sublink>
        </link>
        
        <thumbnail>https://image.tmdb.org/t/p/original/dnQJi4St12LOUmYZDqoCF91EQlN.jpg</thumbnail>
        <fanart>https://image.tmdb.org/t/p/original/3I7K8DuZprS8FfV9SST23ZRHLj6.jpg</fanart>
</item>

<item>
<title>Blade Runner 2049 - Web Download</title>
<meta>
<content>movie</content>
<imdb>tt1856101</imdb>
<title>Blade Runner 2049</title>
<year>2017</year>
</meta>
<link>
<sublink>http://uptobox.com/jadpw6vjlhkc (1080p Web DL)</sublink>
<sublink>search</sublink>
<sublink>searchsd</sublink>
</link>
<thumbnail>https://image.tmdb.org/t/p/original/aMpyrCizvSdc0UIMblJ1srVgAEF.jpg</thumbnail>
<fanart>https://image.tmdb.org/t/p/original/m7ynwXIvSnhxQPR6pOICrC0L2sO.jpg</fanart>
</item>

<item>
<title>Blame(Evo HD Rip)</title>
<meta>
<content>movie</content>
<imdb>tt4607722</imdb>
<title>Blame</title>
<year>2017</year>
</meta>
<link>
<sublink>http://uptobox.com/2qj96b8mellw (HDRIP)</sublink>
<sublink>search</sublink>
<sublink>searchsd</sublink>
</link>
<thumbnail>https://images-na.ssl-images-amazon.com/images/M/MV5BNjkzOTE3OTc3OF5BMl5BanBnXkFtZTgwODAzMTQxNDM@._V1_UX182_CR0,0,182,268_AL_.jpg</thumbnail>
<fanart></fanart>
</item>


<item>
<title>Bombshell: The Hedy Lamarr Story (2017)</title>
<meta>
<content>movie</content>
<imdb>tt6752848</imdb>
<title>Bombshell: The Hedy Lamarr Story</title> 
<year>2017</year>
</meta>
<link>
<sublink>https://weshare.me/150e7d0b027600a8/Bombshell.The.Hedy.Lamarr.Story.2017.1080p.WEB-DL.H.264-RAPiDCOWS.mkv(1080p)</sublink>
<sublink>https://www.oboom.com/1CK5BKHY/Bombshell.The.Hedy.Lamarr.Story.2017.NORDiC.1080p.WEB-DL.H.264-RAPiDCOWS.mkv (Oboom 1080p RD)</sublink>
<sublink>https://weshare.me/ea6a0a3e1399a3f6/Bombshell_The_Hedy_Lamarr_Story_.mp4(HDRIP)</sublink>
<sublink>search</sublink>
<sublink>searchsd</sublink>
</link>
<animated_thumbnail></animated_thumbnail>
<thumbnail>https://image.tmdb.org/t/p/original/7kZonXfPuXZzwZIu9f7YPQmFXWQ.jpg</thumbnail>
<animated_fanart></animated_fanart>
<fanart>https://image.tmdb.org/t/p/original/mAXf3qtPr862mc198J2oRWPPA13.jpg</fanart>
</item>

<item>
        <title>Borg vs. McEnroe</title>
        <meta>
                <content>movie</content>
                <imdb>tt5727282</imdb>
                <title>Borg vs. McEnroe</title>
                <year>2017</year>
                
        </meta>
        <link>
                <sublink>http://uptobox.com/aqfuyfiezwr2 (720p)</sublink>
                <sublink>search</sublink>
                <sublink>searchsd</sublink>
        </link>
        
        <thumbnail>https://image.tmdb.org/t/p/w640/nfpwJPExYavAFnZ65RwzGftNRPC.jpg</thumbnail>
        <fanart>https://image.tmdb.org/t/p/w533_and_h300_bestv2/g3acAt4ROTOaSPHxHa1K2VjjitZ.jpg</fanart>
</item>

<item>
        <title>Brad's Status</title>
        <meta>
                <content>movie</content>
                <imdb>tt5884230</imdb>
                <title>Brad's Status</title>
                <year>2017</year>
                
        </meta>
        <link>
                <sublink>https://weshare.me/f4ccd520a2076546/Copy_of_BST.mp4 (1080p)</sublink>
        <sublink>http://uptobox.com/k6wgpw3996f7 (1080p)</sublink>
                <sublink>search</sublink>
                <sublink>searchsd</sublink>
        </link>
        
        <thumbnail>https://i.imgur.com/eLNUpUo.jpg</thumbnail>
        <fanart>https://i.imgur.com/cbLci3X.jpg</fanart>
</item>

<item>
        <title>Break Night</title>
        <meta>
                <content>movie</content>
                <imdb>tt4367350</imdb>
                <title>Break Night</title>
                <year>2017</year>
        
        </meta>
        <link>
                <sublink>https://weshare.me/47169c27e01af410/Break_Night.mp4 (HDRIP)</sublink>
                <sublink>search</sublink>
                <sublink>searchsd</sublink>
        </link>
        
        <thumbnail>https://image.tmdb.org/t/p/w640/4tChDcyjaSyfmCa0rd5P0ipoLNq.jpg</thumbnail>
        <fanart>https://images-na.ssl-images-amazon.com/images/M/MV5BYjMyODMxMWUtNjc2MC00NDU4LTkyY2UtNTNkNDIwMDJkNTFlXkEyXkFqcGdeQXVyNTY4Nzg0MzU@._V1_SX1777_CR0,0,1777,757_AL_.jpg</fanart>
</item>

<item>
        <title>Bullet Head</title>
        <meta>
                <content>movie</content>
                <imdb>tt6204340</imdb>
                <title>Bullet Head</title>
                <year>2017</year>
                
        </meta>
        <link>
                <sublink>https://weshare.me/903625b6d7da8fc6/Bullet.Head.2017-PSYCHD.mkv(BDRIP)</sublink>
                <sublink>
                <sublink>search</sublink>
                <sublink>searchsd</sublink>
        </link>
        
        <thumbnail>https://image.tmdb.org/t/p/w640/ySmKQPjWnNzuZ5YliQaOVEnWn2.jpg</thumbnail>
        <fanart>https://image.tmdb.org/t/p/w533_and_h300_bestv2/eL0QAAtFfA0OvnBsY7tJKrFbc9B.jpg</fanart>
</item>

<item>
        <title>Crazy Famous</title>
        <meta>
                <content>movie</content>
                <imdb>tt3832126</imdb>
                <title>Crazy Famous</title>
                <year>2017</year>
                
        </meta>
        <link>
                <sublink>https://streamango.com/f/pstoamnnbcrkdecd/Crazy_Famous.mp4 (HDRIP)</sublink>
                <sublink>search</sublink>
                <sublink>searchsd</sublink>
        </link>
        
        <thumbnail>https://image.tmdb.org/t/p/w640/oRKpGDwTVFOvlerADsph7Joed2q.jpg</thumbnail>
        <fanart>https://pbs.twimg.com/media/C99lUrdUMAATYDd.jpg</fanart>
</item>

<item>
<title>Created Equal</title>
<meta>
<content>movie</content>
<imdb>tt5873100</imdb>
<title>Created Equal</title>
<year>2017</year>
    
</meta>
<link>
<sublink>https://weshare.me/2f6303188fa68cd1/Created_Equal_2017_1080p_WEB-DL_DD5.1_H264-CMRG.mkv(1080p)</sublink>
<sublink>search</sublink>
<sublink>searchsd</sublink>
</link>
        
<thumbnail>https://image.tmdb.org/t/p/w640/z9zWUSzeblZqc9mLPMAMicdugQE.jpg</thumbnail>
<fanart>https://www.filminquiry.com/wp-content/uploads/2017/08/created-equal.jpg</fanart>
</item>


<item>
        <title>Day of the Dead: Bloodline (2018)</title>
        <meta>
                <content>movie</content>
                <imdb>tt3053228</imdb>
                <title>Day of the Dead: Bloodline (2018)</title>
                <year>2018</year>
        </meta>
        <link>
            <sublink>https://weshare.me/b35598daa4c0c0aa/Day.of.the.Dead.Bloodline.2018.720p.WEB-DL.x264.Tv21.org.mkv(720p WEB-DL)</sublink>
                <sublink>http://uptobox.com/zr23slsz8n2u(720p)</sublink>
                <sublink>search</sublink>
                <sublink>searchsd</sublink>
        </link>
                <thumbnail>https://images-na.ssl-images-amazon.com/images/M/MV5BMjE2MTg1NDQ2MF5BMl5BanBnXkFtZTgwMDkxMzMzNDM@._V1_SY1000_CR0,0,674,1000_AL_.png</thumbnail>
                <fanart>https://images-na.ssl-images-amazon.com/images/M/MV5BZDM1YTgxNTEtZGVmYS00OGYyLTg3MTktYzA0ZTJlNDM2MTQzXkEyXkFqcGdeQXVyNzg3NjUyMTM@._V1_SY1000_CR0,0,1501,1000_AL_.jpg</fanart>
</item>



<item>
<title>Dealt - WebRip</title>
<meta>
<content>movie</content>
<imdb>tt3127902</imdb>
<title>Dealt</title>
<year>2017</year>
</meta>
<link>
<sublink>https://uptobox.com/udvagl1z46ul (720p Amazon WebRip)</sublink>
<sublink>search</sublink>
<sublink>searchsd</sublink>
</link>
<thumbnail>https://image.tmdb.org/t/p/original/xaVfhh4WHXX1J33YAk8lWd8qAR9.jpg</thumbnail>
<fanart>https://image.tmdb.org/t/p/original/dL2AXDZCU0G0hLcMGnSxmzSlNDU.jpg</fanart>
</item>


<item>
<title>A Demon Within</title>
<meta>
<content>movie</content>
<imdb>tt3499358</imdb>
 <title>A Demon Within</title>
<year>2017</year>
        
</meta>
<link>
<sublink>https://streamango.com/f/eodffbesasbmkeoq/A_Demon_Within_2018_HDRip_XviD_AC3-EVO_avi(DVDRIP)</sublink>
<sublink>search</sublink>
<sublink>searchsd</sublink>
 </link>
        
<thumbnail>https://image.tmdb.org/t/p/w640/1PdRPaUWyTu7Gn5UdhwxxSNLMH4.jpg</thumbnail>
<fanart>https://i0.wp.com/teaser-trailer.com/wp-content/uploads/A-Demon-Within.jpg</fanart>
</item>


<item>
<title>Devil's Acid</title>
<meta>
<content>movie</content>
<imdb>tt6853910</imdb>
<title>Devil's Acid</title>
<year>2017</year>
    
</meta>
<link>
<sublink>https://weshare.me/6326ceb863fd1ca3/Devils_Acid.720p.HDRip.XviD.AC3-EVO.avi.mp4(720p)</sublink>
<sublink>https://streamango.com/f/mfcbcnlfladeetmq/Devil_s_Acid_mp4(HDRIP)</sublink>
<sublink>search</sublink>
<sublink>searchsd</sublink>
</link>
        
<thumbnail>https://image.tmdb.org/t/p/w640/338KmlLQyOTApzdX2DfpJKYxVVq.jpg</thumbnail>
<fanart>http://2.bp.blogspot.com/-5T87rkB3D58/Ue1VdGTSCcI/AAAAAAAATao/ibX0_Z8x82s/s1600/Devil-desktop-Wallpapers-HD-photo-images-5.jpg</fanart>
</item>

<item>
<title>Dope Fiend</title>
<meta>
<content>movie</content>
<imdb>tt5580130</imdb>
<title>Dope Fiend</title>
<year>2017</year>
    
</meta>
<link>
<sublink>https://weshare.me/a8fdb4658f745534/Dope_Fiend.mp4(HDRIP)</sublink>
<sublink>search</sublink>
<sublink>searchsd</sublink>
</link>
        
<thumbnail>https://image.tmdb.org/t/p/w640/tOPWBI4OBKiQQhgusklBG0qMBWm.jpg</thumbnail>
<fanart>https://image.tmdb.org/t/p/w533_and_h300_bestv2/88rZgbHLUOYhZLc5k2bJIXifuc1.jpg</fanart>
</item>


<item>
<title>Freak Show</title>
<meta>
<content>movie</content>         
<imdb>tt5089534</imdb>
<title>Freak Show</title>
<year>2017</year>
                
</meta>
<link>
 <sublink>https://streamango.com/f/ppqsbaqsocoqkaqb/Freak_Show_720p_WEB-DL_SeeHD_mkv_mp4(720p)</sublink>       
<sublink>search</sublink>
<sublink>searchsd</sublink>
</link>
        
<thumbnail>https://image.tmdb.org/t/p/w640/4pMMe9uxileJBH2nDNlSPpk5xFH.jpg</thumbnail>
<fanart>https://i0.wp.com/teaser-trailer.com/wp-content/uploads/Freak-Show.jpg</fanart>
</item>

<item>
        <title>Gangster Land</title>
        <meta>
                <content>movie</content>
                <imdb>tt7241654</imdb>
                <title>Gangster Land</title>
                <year>2017</year>
                
        </meta>
        <link>
               <sublink>https://weshare.me/773a233839abe0b0/Gangster.Land.2017.BDRip.XviD.AC3-EVO.avi(BDRIP)</sublink>
                <sublink>http://uptobox.com/v8xjyahd68zj (BDRIP)</sublink>
                <sublink>http://uptobox.com/sowc2tio6mgy (HDRIP)</sublink>
                <sublink>search</sublink>
                <sublink>searchsd</sublink>
        </link>
        
        <thumbnail>https://image.tmdb.org/t/p/w640/npteMVPwuNqt9lAqDC67Ld4NESf.jpg</thumbnail>
        <fanart>https://image.tmdb.org/t/p/w533_and_h300_bestv2/QAppiNua2p8yeYAZG04WmdlCd4.jpg</fanart>
</item>

<item>
        <title>Going in Style (2017)</title>
        <meta>
                <content>movie</content>
                <imdb>tt2568862</imdb>
                <title>Going in Style</title>
                <year>2017</year>
                
        </meta>
        <link>
                <sublink>http://uptobox.com/mbqn94jykccw (1080p BluRay)</sublink>
                <sublink>search</sublink>
                <sublink>searchsd</sublink>
        </link>
        
        <thumbnail>https://i.imgur.com/ZmZd6kU.jpg</thumbnail>
        <fanart>https://i.imgur.com/YnZnkBd.jpg</fanart>
</item>



<item>
<title>Goodbye Christopher Robin</title>
<meta>
<content>movie</content>
<imdb>tt1653665</imdb>
<title>Goodbye Christopher Robin</title>
<year>2017</year>
</meta>
<link>
<sublink>https://weshare.me/7acd73720d251122/TwoDDLGoodbye.Christopher.Robin.2017.LIMITED.1080-DRONES.mkv(1080p)</sublink>
<sublink>search</sublink>
<sublink>searchsd</sublink>
</link>
<thumbnail>https://upload.wikimedia.org/wikipedia/en/6/60/Goodbye_Christopher_Robin.png</thumbnail>
<fanart>https://norwichlanes.co.uk/wp-content/uploads/2017/09/700x373-1.jpg</fanart>
</item>

<item>
<title>Greed: Heavy Is The Hand</title>
<meta>
<content>movie</content>
<imdb>tt7575000</imdb>
<title>Greed: Heavy Is The Hand</title>
<year>2018</year>

</meta>
<link>
<sublink>https://streamango.com/f/dfntfpfnmqedadsf/Greed_Heavy_Is_The_Hand_mp4(HDRIP)</sublink>
<sublink>search</sublink>
<sublink>searchsd</sublink>
</link>
        
<thumbnail>https://image.tmdb.org/t/p/w640/paaKcp8ijr080KXuzPuXe3n9nZo.jpg</thumbnail>
<fanart></fanart>
</item>

<item>
<title>Grow House</title>
<meta>
<content>movie</content>
<imdb>tt4274656</imdb>
<title>Grow House</title>
<year>2017</year>
    
</meta>
<link>
<sublink>https://weshare.me/4b3a9244595700b5/Grow_House_(2017)_[Worldfree4u.es]_720p_DVDRip_x264_AAC.mkv(720p)</sublink>   
<sublink>http://sv4avadl.uploadet.ir/Movie/2017/10/Grow.House.2017.DVDrip.x264_AVADL.CO.mp4(DVDRIP)</sublink>
<sublink>search</sublink>
<sublink>searchsd</sublink>
</link>
        
<thumbnail>https://image.tmdb.org/t/p/w640/RJiEvPrpW2UUL9UbwarD2r4aU0.jpg</thumbnail>
<fanart>https://image.tmdb.org/t/p/w533_and_h300_bestv2/cmxH5DLXZ6c3bEOblWNhzz9Qdcq.jpg</fanart>
</item>

<item>
<title>Grandpa's Great Escape</title>
<meta>
<content>movie</content>
<imdb>tt7410922</imdb>
<title>Grandpa's Great Escape</title>
<year>2018</year>
    
</meta>
<link>
<sublink>https://weshare.me/6918a74a301007ac/Grandpa_s_Great_Escape.mp4(720p)</sublink>
<sublink>search</sublink>
<sublink>searchsd</sublink>
</link>
        
<thumbnail>https://image.tmdb.org/t/p/w640/shipfRWQUKufj13tbkp5pBpn3nP.jpg</thumbnail>
<fanart></fanart>
</item>


<item>
        <title>Hampstead</title>
        <meta>
                <content>movie</content>
                <imdb>tt5153236</imdb>
                <title>Hampstead</title>
                <year>2017</year>
        </meta>
        <link>
        <sublink>https://streamango.com/f/ktckrefdqnamcoso/Hampstead_2017_720p_WEB-DL_x264-M2Tv_mkv_mp4(720)</sublink>
                <sublink>search</sublink>
                <sublink>searchsd</sublink>
        </link>
        <animated_thumbnail></animated_thumbnail>
        <thumbnail>https://images-na.ssl-images-amazon.com/images/M/MV5BMThhNGZiYjYtNWM5NC00NzMzLWIzOTUtZmJiYjE4MmRlMTc3XkEyXkFqcGdeQXVyMTM3NzQ5NzQ@._V1_UX182_CR0,0,182,268_AL_.jpg</thumbnail>
        <animated_fanart></animated_fanart>
        <fanart></fanart>
</item>


<item>
<title>I Am Sam Kinison</title>
<meta>
<content>movie</content>
<imdb>tt7693434</imdb>
<title>I Am Sam Kinison</title>
<year>2017</year>
    
</meta>
<link>
<sublink>https://weshare.me/8bcd0b5587a8d2d6/I.Am.Sam.Kinison.2017.HDTV.x264-aAF.mkv(HD-TV RIP)</sublink>
<sublink>search</sublink>
<sublink>searchsd</sublink>
</link>
        
<thumbnail>https://image.tmdb.org/t/p/w640/4Cjt5cgUr0c6jKZnPr2jkSQExs.jpg</thumbnail>
<fanart>https://image.tmdb.org/t/p/w533_and_h300_bestv2/cdojIu3W7lUOe0dbJxCDAVWAY2Z.jpg</fanart>
</item>

<item>
        <title>Jawbone (2017)</title>
        <meta>
                <content>movie</content>
                <imdb>tt3582020</imdb>
                <title>Jawbone</title>
                <year>2017</year>
                
        </meta>
        <link>
                <sublink>https://streamango.com/f/qdfrbrpssrsmcpfn/Jawbone_2017_720p_BluRay_x264-_YTS_AG_mp4 (720 streamango)</sublink>
        <sublink>https://weshare.me/7e4ce3cc3bf17b01/Jawbone.2017.720p.BluRay.x264-[YTS.AG].mp4 (720 weshare)</sublink>
        <sublink>http://uptobox.com/jnu8yc3tewsl (720 UTB)</sublink>
                <sublink>search</sublink>
                <sublink>searchsd</sublink>
        </link>
        
        <thumbnail>https://i.imgur.com/QSapevB.jpg</thumbnail>
        <fanart>https://i.imgur.com/8DuusWx.jpg</fanart>
</item>

<item>
<title>Jigsaw</title>
<meta>
<content>movie</content>
<imdb>tt3348730</imdb>
<title>Jigsaw</title>
<year>2017</year>
<genre></genre>
</meta>
<link>
 <sublink>https://weshare.me/496eb958a8b9f095/Jigsaw_2017_1080p_Web_DL_x264_AC3_TiTAN.mkv(1080p)</sublink>
 <sublink>https://uptostream.com/r8uyn91v8qmj(1080p)</sublink>  
</link>
<thumbnail>https://www.buzzexpress.co.uk/wp-content/uploads/2017/09/new-jigsaw-posters-assemble-the-jigsaw-army-2.jpg</thumbnail>
<fanart>https://www.hdwallpapers.in/download/jigsaw_2017_4k-1920x1080.jpg</fanart>
</item>


<item>
<title>Jungle Tales</title>
<meta>
<content>movie</content>
<imdb>tt6718858</imdb>
<title>Jungle Tales</title>
<year>2017</year>
</meta>
<link>
<sublink>http://uptobox.com/u39rd9au2pen (Evo HD Rip)</sublink>
<sublink>search</sublink>
<sublink>searchsd</sublink>
</link>
<animated_thumbnail></animated_thumbnail>
<thumbnail>https://images-na.ssl-images-amazon.com/images/I/A1xDsvzspSL._SY445_.jpg</thumbnail>
<animated_fanart></animated_fanart>
<fanart>https://i.ytimg.com/vi/95yYlyq7G-0/maxresdefault.jpg</fanart>
</item>



<item>
<title>Kenny - Web DL</title>
<meta>
<content>movie</content>
<imdb>tt7479144</imdb>
<title>Kenny</title>
<year>2017</year>
</meta>
<link>
<sublink>https://uptobox.com/o6ldyd6n40mg (1080p Web DL)</sublink>
<sublink>search</sublink>
<sublink>searchsd</sublink>
</link>
<thumbnail>https://image.tmdb.org/t/p/original/2DVl9u43HDsB7Pc3A4u7Hp1DYyA.jpg</thumbnail>
<fanart>https://brightcove04pmdo-a.akamaihd.net/4221396001/4221396001_5647214973001_5647216844001-vs.jpg?pubId=4221396001&videoId=5647216844001</fanart>
</item>


<item>
        <title>Kickboxer Retaliation</title>
        <meta>
                <content>movie</content>
                <imdb>tt5208950</imdb>
                <title>Kickboxer Retaliation</title>
                <year>2018</year>
        </meta>
        <link>       
        <sublink>https://weshare.me/c9a203a032200477/Kickboxer_Retaliation.mp4(HDRIP)</sublink>
                <sublink>search</sublink>
                <sublink>searchsd</sublink>
        </link>
                <thumbnail>https://images-na.ssl-images-amazon.com/images/M/MV5BNzY4MDkwYmUtYTEwMy00ZmMyLWIxMzgtOGE4ZGJjYWJlOGY1XkEyXkFqcGdeQXVyMjExMTY5Mjc@._V1_UX182_CR0,0,182,268_AL_.jpg</thumbnail>
                <fanart>https://image.tmdb.org/t/p/w533_and_h300_bestv2/99VHTYs8A90fsFN4Y685dYizpGW.jpg</fanart>
</item>


<item>
<title>The Lucky Man</title>
<meta>
<content>movie</content>
<imdb>tt3458760</imdb>
<title>The Lucky Man</title>
<year>2018</year>
    
</meta>
<link>
<sublink>https://weshare.me/6581152e10cf83b9/The_Lucky_Man_2018_1080p_WEB-DL_DD5.1_H264-CMRG.mkv(1080p)</sublink>
<sublink>search</sublink>
<sublink>searchsd</sublink>
</link>
        
<thumbnail>https://images-na.ssl-images-amazon.com/images/M/MV5BMDQzOGQ2MDMtMTNmOS00MmFlLWE5MmEtZWMwNzU4ZDEwODI3XkEyXkFqcGdeQXVyMTQ2OTU2OTQ@._V1_SY999_CR0,0,656,999_AL_.jpg</thumbnail>
<fanart>https://images-na.ssl-images-amazon.com/images/M/MV5BNTEyMzljYjYtMjhmMi00MmU3LTkzZTItOWYwMDlhZTY5NTMwXkEyXkFqcGdeQXVyMjAwODk3MDE@._V1_.jpg</fanart>
</item>




<item>
<title>Mark Felt: The Man Who Brought Down the White House</title>
<meta>
<content>movie</content>
<imdb>tt5175450</imdb>
<title>Mark Felt: The Man Who Brought Down the White House</title>
<year>2017</year>
    
</meta>
<link>
<sublink>http://uptobox.com/rk02l1u30895 (720p)</sublink>
<sublink>search</sublink>
<sublink>searchsd</sublink>
</link>
        
<thumbnail>https://image.tmdb.org/t/p/w640/omAPqyEp4jwihEBRVVnZ9FxnLXd.jpg</thumbnail>
<fanart>https://image.tmdb.org/t/p/w533_and_h300_bestv2/lsDqGTexYBYvZ2eeagh0ORo0k1b.jpg</fanart>
</item>


<item>
<title>Marshall</title>
<meta>
<content>movie</content>
<imdb>tt5301662</imdb>
<title>Marshall</title>
<year>2017</year>
    
</meta>
<link>     
<sublink>http://dl.hastidl.me/remotes/Marshall.2017.720p.MkvCage.mkv(720p)</sublink>
<sublink>search</sublink>
<sublink>searchsd</sublink>
</link>
        
<thumbnail>https://image.tmdb.org/t/p/w640/2z9oNW3TE5H5woLozFwfxlRRc0b.jpg</thumbnail>
<fanart>https://image.tmdb.org/t/p/w533_and_h300_bestv2/gBlDyOa2qKWP7OlGtXCKHKqYOhi.jpg</fanart>
</item>
 



<item>
        <title>Most Beautiful Island</title>
        <meta>
                <content>movie</content>
                <imdb>tt4866448</imdb>
                <title>Most Beautiful Island</title>
                <year>2017</year>
        </meta>
        <link>
        <sublink>https://streamango.com/f/kqnaooadfdrrtbbr/Most_Beautiful_Island_2017_720p_HDRip_x264_AAC_-_Hon3y_mkv_mp4(720)</sublink>
                <sublink>search</sublink>
                <sublink>searchsd</sublink>
        </link>
        <animated_thumbnail></animated_thumbnail>
        <thumbnail>https://images-na.ssl-images-amazon.com/images/M/MV5BY2FiYTk1MTEtYjgyMi00MjA5LWJkZjktMTNhZmVkMWI3NWRkXkEyXkFqcGdeQXVyMjE4NzUxNDA@._V1_UX182_CR0,0,182,268_AL_.jpg</thumbnail>
        <animated_fanart></animated_fanart>
        <fanart></fanart>
</item>

<item>
<title>November Criminals</title>
<meta>
<content>movie</content>
<imdb>tt3266284</imdb>
<title>November Criminals</title>
<year>2017</year>
    
</meta>
<link>

<sublink>https://weshare.me/2f8b94a698ff3e80/YourMovie.ORG_November.Criminals.2017.720p.BluRay.x265-YSTeam.mkv(720p BluRay)</sublink>      
<sublink>search</sublink>
<sublink>searchsd</sublink>
</link>
        
<thumbnail>https://image.tmdb.org/t/p/w640/m2JxGgarPvtemudLZ1CB6gLJeUb.jpg</thumbnail>
<fanart>https://image.tmdb.org/t/p/w533_and_h300_bestv2/6BZqbqyfFRexdH4ZDBYQ3XWnirS.jpg</fanart>
</item>



<item>
<title>Permanent - EVO HD Rip</title>
<meta>
<content>movie</content>
<imdb>tt5933560</imdb>
<title>Permanent</title>
<year>2017</year>
</meta>
<link>
<sublink>http://uptobox.com/vj55brn8yufm (EVO HDrip)</sublink>
<sublink>search</sublink>
<sublink>searchsd</sublink>
</link>
<thumbnail>https://image.tmdb.org/t/p/original/fdnPEuJe69F58MphzHnXovcfBK0.jpg</thumbnail>
<fanart>https://image.tmdb.org/t/p/original/xTF2R7S6T4wy1feSaa3hml6gR4y.jpg</fanart>
</item>

<item>
        <title>The Pirates of Somalia</title>
        <meta>
                <content>movie</content>
                <imdb>tt5126922</imdb>
                <title>The Pirates of Somalia</title>
                <year>2017</year>
        </meta>
        <link> 
                <sublink>https://weshare.me/902eabee9cad9933/The.Pirates.Of.Somalia.2017.720p.WEB-DL.DD5.1.x264-BDP.mkv(720p)</sublink>
                <sublink>search</sublink>
                <sublink>searchsd</sublink>
        </link>
        
        <thumbnail>https://image.tmdb.org/t/p/w640/a8dlDPwo9mnorurL6ukIpyHZZd7.jpg</thumbnail>
        <fanart>https://image.tmdb.org/t/p/w533_and_h300_bestv2/iUH1dWoIR1eoE6sEzwhH49T0sE0.jpg</fanart>
</item>

<item>
        <title>The Polka King</title>
        <meta>
                <content>movie</content>
                <imdb>tt5539052</imdb>
                <title>The Polka King</title>
                <year>2017</year>
                
        </meta>
        <link>  
                <sublink>https://streamango.com/f/qntcfsrmlocffalr/The_Polka_King_mp4(720p)</sublink>
                <sublink>http://uptobox.com/kb07cbnlzyxb(HDRIP)</sublink>
                <sublink>search</sublink>
                <sublink>searchsd</sublink>
        </link>
        
        <thumbnail>https://image.tmdb.org/t/p/w640/ydYvre7WZL8Ti2Cj8S1BNONrgZ.jpg</thumbnail>
        <fanart>https://image.tmdb.org/t/p/w533_and_h300_bestv2/90147e6MgbxP5pJQHi48IgQ3CN2.jpg</fanart>
</item>



<item>
        <title>Professor Marston and the Wonder Women</title>
        <meta>
                <content>movie</content>
                <imdb>tt6133130</imdb>
                <title>Professor Marston and the Wonder Women</title>
                <year>2017</year>
                
        </meta>
        <link>
                <sublink>https://weshare.me/92bced51cb54f776/TwoDDLprofessor.marston.and.the.wonder.women.2017.720-drones.mkv(720p)</sublink>
                <sublink>search</sublink>
                <sublink>searchsd</sublink>
        </link>
        
        <thumbnail>https://image.tmdb.org/t/p/w640/tbrzHlnE8dNpllLWEe9bwDGNzLe.jpg</thumbnail>
        <fanart>https://image.tmdb.org/t/p/w533_and_h300_bestv2/ePJFR8T6oYonc5Nio4HYE2paa4m.jpg</fanart>
</item>


<item>
        <title>Renegades</title>
        <meta>
                <content>movie</content>
                <imdb>tt4106376</imdb>
                <title>Renegades</title>
                <year>2017</year>
                
        </meta>
        <link>
                <sublink>https://streamango.com/f/lneqrrdldpffoqoq/Renegades_2017_720_WEB-DL_AC3-EVO_mkv(720p)</sublink>      	
                <sublink>search</sublink>
                <sublink>searchsd</sublink>
        </link>
        
        <thumbnail>https://image.tmdb.org/t/p/w640/hx4nxhesaagsvJNhRw2fTobg8o.jpg</thumbnail>
        <fanart>https://image.tmdb.org/t/p/w533_and_h300_bestv2/9DkRs9stY8kjEpF0iHQSbmB5lFW.jpg</fanart>
</item>


<item>
<title>Same Kind of Different as Me</title>
<meta>
<content>movie</content>
<imdb>tt1230168</imdb>
<title>Same Kind of Different as Me</title>
<year>2017</year>
</meta>
<link>
<sublink>http://uptobox.com/wjq9uc7osol6 (Evo HD Rip)</sublink>
<sublink>search</sublink>
<sublink>searchsd</sublink>
</link>
<animated_thumbnail></animated_thumbnail>
<thumbnail>https://images-na.ssl-images-amazon.com/images/M/MV5BY2JhZjU1YWQtM2RmYi00ZjY3LWFhYzktNTk0ZGZkNjBkYzI2XkEyXkFqcGdeQXVyNjAwOTYzMjM@._V1_UX182_CR0,0,182,268_AL_.jpg</thumbnail>
<animated_fanart></animated_fanart>
<fanart>https://i.ytimg.com/vi/v8MWxtpjVp8/maxresdefault.jpg</fanart>
</item>

<item>
        <title>Scooby-Doo & Batman: the Brave and the Bold (2018)</title>
        <meta>
                <content>movie</content>
                <imdb>tt7578566</imdb>
                <title>Scooby-Doo & Batman: the Brave and the Bold</title>
                <year>2018</year>
                
        </meta>
        <link>
                <sublink>https://weshare.me/04e4c8ded82c6e41/Scooby-Doo+and+Batman+the+Brave+and+the+Bold.2018.720p.WEB-DL.H264.AC3-EVO.mkv.mp4(720p)</sublink>
                <sublink>search</sublink>
                <sublink>searchsd</sublink>
        </link>
        
        <thumbnail>https://image.tmdb.org/t/p/original/hSPeF1zoYH8kCOhFMu7x3B55zu6.jpg</thumbnail>
        <fanart>https://i.imgur.com/I4lqvCm.jpg</fanart>
</item>

<item>
        <title>The Snowman</title>
        <meta>
                <content>movie</content>
                <imdb>tt1758810</imdb>
                <title>The Snowman</title>
                <year>2017</year>
                
        </meta>
        <link>
                <sublink>http://sv7.uploadet.ir/Movie/2017.12/The.Snowman.2017.720p.WEB-DL.2CH.x265.HEVC_AVADL.ME.mkv(720p)</sublink>
                <sublink>search</sublink>
                <sublink>searchsd</sublink>
        </link>
        
        <thumbnail>https://image.tmdb.org/t/p/w640/bQHgpTVsAWjNQWS0frsl7DlzLX1.jpg</thumbnail>
        <fanart>https://image.tmdb.org/t/p/w533_and_h300_bestv2/gQEE0sfvrbPqedfmV03Xcb8Z71t.jpg</fanart>
</item>


<item>
<title>So B. It</title>
<meta>
<content>movie</content>
<imdb>tt3663020</imdb>
<title>So B. It</title>
<year>2016</year>
    
</meta>
<link>
<sublink>https://streamango.com/f/ctmnfsoftdankotq/So_B_It_mp4(HDRIP)</sublink>    
<sublink>search</sublink>
<sublink>searchsd</sublink>
</link>
        
<thumbnail>https://image.tmdb.org/t/p/w640/7zAcFRtBiqvFnzaryMfOrsObAYA.jpg</thumbnail>
<fanart>https://i2.wp.com/teaser-trailer.com/wp-content/uploads/So-B-It-movie.jpg</fanart>
</item>



<item>
<title>The Strange Ones</title>
<meta>
<content>movie</content>
<imdb>tt6014904</imdb>
<title>The Strange Ones</title>
<year>2017</year>
</meta>
<link>
<sublink>http://uptobox.com/mm522u68h9gh (Evo HD Rip)</sublink>
<sublink>search</sublink>
<sublink>searchsd</sublink>
</link>
<animated_thumbnail></animated_thumbnail>
<thumbnail>https://images-na.ssl-images-amazon.com/images/M/MV5BNTMwMDg3OTY0OF5BMl5BanBnXkFtZTgwODMzNDEzNDM@._V1_UX182_CR0,0,182,268_AL_.jpg</thumbnail>
<animated_fanart></animated_fanart>
<fanart>http://www.indiewire.com/wp-content/uploads/2017/03/the-strange-ones-f71374.jpeg</fanart>
</item>

<item>
<title>Suck It Up</title>
<meta>
<content>movie</content>
<imdb>tt6079702</imdb>
<title>Suck It Up</title>
<year>2017</year>
</meta>
<link>
<sublink>http://uptobox.com/49g24gs6g3hh (Evo HD Rip)</sublink>
<sublink>search</sublink>
<sublink>searchsd</sublink>
</link>
<animated_thumbnail></animated_thumbnail>
<thumbnail>https://thefilmstage.com/wp-content/uploads/2017/10/suckitup-poster.jpg</thumbnail>
<animated_fanart></animated_fanart>
<fanart>http://thefilmstage.com/wp-content/uploads/2017/10/suckitup02.jpg</fanart>
</item>

<item>
<title>Thank You For Your Service</title>
<meta>
<content>movie</content>
<imdb>tt2776878</imdb>
<title>Thank You For Your Service</title>
<year>2017</year>
</meta>
<link>
<sublink>http://uptobox.com/cw008uhjmgrd (HD Rip)</sublink>
<sublink>http://uptobox.com/evz90tc3s9ld (1080p Web-DL)</sublink>
<sublink>search</sublink>
<sublink>searchsd</sublink>
</link>
<animated_thumbnail></animated_thumbnail>
<thumbnail>https://image.tmdb.org/t/p/w640/z8OKWw6DAZAOyz8F421euawr3Hs.jpg</thumbnail>
<animated_fanart></animated_fanart>
<fanart>https://image.tmdb.org/t/p/w533_and_h300_bestv2/7KpA2BswBFHLR7yIexkuVhpAK3x.jpg</fanart>
</item>

<item>
        <title>Trafficked</title>
        <meta>
                <content>movie</content>
                <imdb>tt1720621</imdb>
                <title>Trafficked</title>
                <year>2017</year>
        </meta>
        <link>
        <sublink>https://streamango.com/f/macfrldntqokftcd/Trafficked_2017_HDRip_x264-DiRG_mp4(HDRIP)</sublink>
                <sublink>search</sublink>
                <sublink>searchsd</sublink>
        </link>
        <animated_thumbnail></animated_thumbnail>
        <thumbnail>https://images-na.ssl-images-amazon.com/images/M/MV5BMjk5NmM0ZGMtYTY2Ny00ZTBiLWFiM2UtYmVlODQxNWU2NDc2XkEyXkFqcGdeQXVyMTcwMjE4MTQ@._V1_UX182_CR0,0,182,268_AL_.jpg</thumbnail>
        <animated_fanart></animated_fanart>
        <fanart></fanart>
</item>

<item>
<title>Voldemort: Origins of the Heir</title>
<meta>
<content>movie</content>
<imdb>tt6977356</imdb>
<title>Voldemort: Origins of the Heir</title>
<year>2018</year>
    
</meta>
<link>
<sublink>http://uptobox.com/nl5z4ukgh14s (1080p)</sublink>
<sublink>search</sublink>
<sublink>searchsd</sublink>
</link>
        
<thumbnail>https://image.tmdb.org/t/p/w640/u1ijC0w3zOsmuTvwVIZhcOOR9dx.jpg</thumbnail>
<fanart>https://image.tmdb.org/t/p/w533_and_h300_bestv2/9Bt6e4F5bFxfrOkpqQIBlS1vNcI.jpg</fanart>
</item>

<item>
<title>Your Move</title>
<meta>
<content>movie</content>
<imdb>tt3499176</imdb>
<title>Your Move</title>
<year>2017</year>
<summary>The film, which marks the directorial debut of singer-turned-actor Luke Goss, is currently in post-production. Also starring Goss, alongside Robert Davi and Patricia De Leon, it tells the story of a man who must go to extreme lengths to discover what happened to his kidnapped wife and daughter. Soda intends to launch the film to coincide with the reunion concert tour of Bros., the 1980s' pop band Luke performed in with his brother Matt. The reunion was original intended as a one-off concert at London's O2 Arena on August 19, marking the anniversary of the band's last concert in 1989. However, when that show sold out within a minute of going on sale the tour was expanded to include six further dates at the O2 and at other venues around the U.K. in August</summary>
    
</meta>
<link>
<sublink>https://weshare.me/38826fd9992d2422/YourMove.mp4(HDRIP)</sublink>
<sublink>search</sublink>
<sublink>searchsd</sublink>
</link>
        
<thumbnail>https://image.tmdb.org/t/p/w640/cU2DW4kTRhhRrAi0HAhghH1sXr6.jpg</thumbnail>
<fanart></fanart>
</item>




<item>
<title>[COLOR gold]Screeners[/COLOR]</title>
</item>

<item>
<title>Call Me by Your Name (2017)</title>
<meta>
<content>movie</content>
<imdb>tt5726616</imdb>
<title>Call Me by Your Name</title>
<year>2017</year>
</meta>
<link>
<sublink>https://uptobox.com/pcx4x05byltc(DVD Screener)</sublink>
<sublink>search</sublink>
<sublink>searchsd</sublink>
</link>
<thumbnail>https://image.tmdb.org/t/p/original/tcNniniS4rfqrLH0oORikJfnIwY.jpg</thumbnail>
<fanart>https://image.tmdb.org/t/p/original/t5fV72V36klctujiMNKdY6tlcxG.jpg</fanart>
</item>

<item>
<title>Coco (2017)</title>
<meta>
<content>movie</content>
<imdb>tt2380307</imdb>
<title>Coco</title>
<year>2017</year>
</meta>
<link>
<sublink>http://uptobox.com/p6csief9x8k8(DVD Screener)</sublink>
<sublink>search</sublink>
<sublink>searchsd</sublink>
</link>
<thumbnail>https://image.tmdb.org/t/p/w640/eKi8dIrr8voobbaGzDpe8w0PVbC.jpg</thumbnail>
<fanart>https://image.tmdb.org/t/p/w533_and_h300_bestv2/askg3SMvhqEl4OL52YuvdtY40Yb.jpg</fanart>
</item>

<item>
        <title>Darkest Hour</title>
        <meta>
                <content>movie</content>
                <imdb>tt4555426</imdb>
                <title>Darkest Hour</title>
                <year>2017</year>
                
        </meta>
        <link>
                <sublink>http://uptobox.com/rabkpfieoccp(DVD Screener)</sublink>
                <sublink>search</sublink>
                <sublink>searchsd</sublink>
        </link>
        
        <thumbnail>https://image.tmdb.org/t/p/w640/d2gXEmt6RaU6Ji1Abkfr76kzSlA.jpg</thumbnail>
        <fanart>https://image.tmdb.org/t/p/w533_and_h300_bestv2/krrhg14FJJdvV39EUxEP9eADCH1.jpg</fanart>
</item>

<item>
<title>The Disaster Artist (2017)</title>
<meta>
<content>movie</content>
<imdb>tt3521126</imdb>
<title>The Disaster Artist</title>
<year>2017</year>
</meta>
<link>
<sublink>http://uptobox.com/w5rym3a2iv89(DVD SCREENER)</sublink>
<sublink>search</sublink>
<sublink>searchsd</sublink>
</link>
<thumbnail>https://image.tmdb.org/t/p/original/jj84nF5vYRD0HUTowBKcrKk8hZP.jpg</thumbnail>
<fanart>https://image.tmdb.org/t/p/original/bAI7aPHQcvSZXvt7L11kMJdS0Gm.jpg</fanart>
</item>

<item>
<title>The Florida Project (2017)</title>
<meta>
<content>movie</content>
<imdb>tt5649144</imdb>
<title>The Florida Project</title>
<year>2017</year>
</meta>
<link>
<sublink>http://uptobox.com/86wyqav5diop(DVD SCREENER)</sublink>
<sublink>search</sublink>
<sublink>searchsd</sublink>
</link>
<thumbnail>https://image.tmdb.org/t/p/original/bnSTP1PY2fDyat0eUa4QouuGV7F.jpg</thumbnail>
<fanart>https://image.tmdb.org/t/p/original/grkrB7yXn7Dj5kBhe4I7RX6uEH9.jpg</fanart>
</item>

<item>
<title>I Love You, Daddy (2017)</title>
<meta>
<content>movie</content>
<imdb>tt7264080</imdb>
<title>I Love You, Daddy</title>
<year>2017</year>
</meta>
<link>
<sublink>https://uptobox.com/cjo9hrh6wt2i(DVD Screener)</sublink>
<sublink>search</sublink>
<sublink>searchsd</sublink>
</link>
<thumbnail>https://image.tmdb.org/t/p/original/oyacgMEIrYFKE8bMW2ydAotJTU3.jpg</thumbnail>
<fanart>https://image.tmdb.org/t/p/original/lY4FsJM6ZTpXH06vhpdShgvS3zu.jpg</fanart>
</item>

<item>
<title>I, Tonya (2017)</title>
<meta>
<content>movie</content>
<imdb>tt5580036</imdb>
<title>I, Tonya</title>
<year>2017</year>
</meta>
<link>
<sublink>https://uptobox.com/9s9qfuyseqow(DVD Screener)</sublink>
<sublink>search</sublink>
<sublink>searchsd</sublink>
</link>
<thumbnail>https://image.tmdb.org/t/p/original/6gNXwSHxaksR1PjVZRqNapmkgj3.jpg</thumbnail>
<fanart>https://image.tmdb.org/t/p/original/5owIV2sqdfILBKyOOIkLYVqanZp.jpg</fanart>
</item>

<item>
<title>Lady Bird (2017)</title>
<meta>
<content>movie</content>
<imdb>tt4925292</imdb>
<title>Lady Bird</title>
<year>2017</year>
</meta>
<link>
<sublink>https://uptobox.com/fxixkzviuted(DVD Screener)</sublink>
<sublink>search</sublink>
<sublink>searchsd</sublink>
</link>
<thumbnail>https://image.tmdb.org/t/p/original/iySFtKLrWvVzXzlFj7x1zalxi5G.jpg</thumbnail>
<fanart>https://image.tmdb.org/t/p/original/kQ3OXX5SgDPBi1wt83HX7VShQG8.jpg</fanart>
</item>

<item>
<title>Last Flag Flying (2017)</title>
<meta>
<content>movie</content>
<imdb>tt6018306</imdb>
<title>Last Flag Flying</title>
<year>2017</year>
</meta>
<link>
<sublink>https://uptobox.com/6r6ndbo1n6pv(DVD Screener)</sublink>
<sublink>search</sublink>
<sublink>searchsd</sublink>
</link>
<thumbnail>https://image.tmdb.org/t/p/original/pizynKUzJ9YucGff1O1MYisY1WM.jpg</thumbnail>
<fanart>https://image.tmdb.org/t/p/original/xHPH0QvysNtrJA3HkFI0rtOKYm1.jpg</fanart>
</item>

<item>
<title>The Shape Of Water</title>
<meta>
<content>movie</content>
<imdb>tt5580390</imdb>
<title>The Shape Of Water</title>
<year>2017</year>
</meta>
<link>
<sublink>https://weshare.me/192408bdb15116fe/The.Shape.of.Water.2017.DVDScr.XVID.AC3.HQ.Hive-CM8.avi(DVD Screener)</sublink>
<sublink>search</sublink>
</link>
<thumbnail>https://upload.wikimedia.org/wikipedia/en/3/37/The_Shape_of_Water_%28film%29.png</thumbnail>
<fanart>https://dg7kra6zb39sn.cloudfront.net/media/core/viewport-template/film_viewport_template/story_bg_image-2faac00e-29cb-4107-b7f2-fb8_9tJrB8e.jpg</fanart>
</item>

<item>
<title>Three Billboards Outside Ebbing, Missouri (2017)</title>
<meta>
<content>movie</content>
<imdb>tt5027774</imdb>
<title>Three Billboards Outside Ebbing, Missouri</title>
<year>2017</year>
</meta>
<link>
<sublink>https://uptobox.com/6356d3kxy9ci(DVD Screener)</sublink>
<sublink>search</sublink>
<sublink>searchsd</sublink>
</link>
<thumbnail>https://image.tmdb.org/t/p/original/dDZzlYNas6zCqTcOaJIKITpHkQG.jpg</thumbnail>
<fanart>https://image.tmdb.org/t/p/original/bJLJAtGjBj836UjJZNOwgrfe5Ps.jpg</fanart>
</item>

<item>
<title>Wonder Wheel (2017)</title>
<meta>
<content>movie</content>
<imdb>tt5825380</imdb>
<title>Wonder Wheel</title>
<year>2017</year>
</meta>
<link>
<sublink>http://uptobox.com/jk8cx60e6s05(DVD Screener)</sublink>
<sublink>search</sublink>
<sublink>searchsd</sublink>
</link>
<thumbnail>https://image.tmdb.org/t/p/w640/fPXn8SW4pa4kJErAIAJLmb3Znns.jpg</thumbnail>
<fanart>https://image.tmdb.org/t/p/w533_and_h300_bestv2/aIpIXxRglCjkjMbl7DgqkchjvQ3.jpg</fanart>
</item>

<item>
<title>[COLOR gold]CAMS ETC[/COLOR]</title>
</item>

<item>
<title>Daddy's Home 2 - CAM</title>
<meta>
<content>movie</content>
<imdb>tt5657846</imdb>
<title>Daddy's Home 2</title>
<year>2017</year>
</meta>
<link>
<sublink>https://uptobox.com/5efe4ykvwvyk(CAM)</sublink>
<sublink>search</sublink>
<sublink>searchsd</sublink>
</link>
<thumbnail>https://image.tmdb.org/t/p/original/3AGW3S9iHQGI8eyhwClBYwv8rtG.jpg</thumbnail>
<fanart>https://image.tmdb.org/t/p/original/lMDyuHzBhx3zNAv48vYzmgcJCCD.jpg</fanart>
</item>

<item>
<title>Downsizing - CAM</title>
<meta>
<content>movie</content>
<imdb>tt1389072</imdb>
<title>Downsizing</title>
<year>2017</year>
</meta>
<link>
<sublink>http://dl5.dlsdm.ir/Movie/Foreign/Temporary/Downsizing.2017.HDTS.720p.MkvCage.mkv(720p HDTS)</sublink>
<sublink>search</sublink>
<sublink>searchsd</sublink>
</link>
<thumbnail>https://image.tmdb.org/t/p/original/uLlmtN33rMuimRq6bu0OoNzCGGs.jpg</thumbnail>
<fanart>https://image.tmdb.org/t/p/original/rtr0l61RxLPkmZHbZj0WFlGx5G5.jpg</fanart>
</item>

<item>
<title>Ferdinand - New HDCAM</title>
<meta>
<content>movie</content>
<imdb>tt3411444</imdb>
<title>Ferdinand</title>
<year>2017</year>
</meta>
<link>
<sublink>http://uptobox.com/ng9dv8dqc9qw(New HDCAM)</sublink>
<sublink>search</sublink>
<sublink>searchsd</sublink>
</link>
<thumbnail>https://image.tmdb.org/t/p/original/qfuoOaCJLwNngfboYM7uxYaZvQx.jpg</thumbnail>
<fanart>https://image.tmdb.org/t/p/original/sTOhZruocNubL0HxjvdouwCEL9I.jpg</fanart>
</item>

<item>
<title>The Greatest Showman - CAM</title>
<meta>
<content>movie</content>
<imdb>tt1485796</imdb>
<title>The Greatest Showman</title>
<year>2017</year>
</meta>
<link>
<sublink>https://streamango.com/f/rbdrksqedelomeot(HD CAM ENG)</sublink>
<sublink>search</sublink>
<sublink>searchsd</sublink>
</link>
<thumbnail>https://image.tmdb.org/t/p/original/dfhztJRiElqmYW4kpvjYe1gENsD.jpg</thumbnail>
<fanart>https://image.tmdb.org/t/p/original/zpq404Sk7qQ7N4x3xOeNgp74GtU.jpg</fanart>
</item>

<item>
<title>Insidious The Last Key 2018 HDCAM</title>
<meta>
<content>movie</content>
<imdb>tt5726086</imdb>
<title>Insidious The Last Key</title>
<year>2018</year>
</meta>
<link>
<sublink>http://dl2.lavinmovie.ir/movie/2018/Insidious.The.Last.Key.2018.HDCAM-LavinMovie.mkv(HD CAM ENG)</sublink>
<sublink>search</sublink>
<sublink>searchsd</sublink>
</link>
<thumbnail>https://image.tmdb.org/t/p/original/nb9fc9INMg8kQ8L7sE7XTNsZnUX.jpg</thumbnail>
<fanart>https://image.tmdb.org/t/p/original/auSRjQyVLw212IjATAbO3KOyxZg.jpg</fanart>
</item>

<item>
<title>Jumanji Welcome to the Jungle - CAM</title>
<meta>
<content>movie</content>
<imdb>tt2283362</imdb>
<title>Jumanji Welcome to the Jungle</title>
<year>2017</year>
</meta>
<link>
<sublink>https://weshare.me/7b9269c6bb1fff75/Jumanji+2017+720p+TS+NEW+AUDIO+XViD-BL4CKP34RL+avi+mp4.mp4(TS New Audio)</sublink>
<sublink>https://uptobox.com/dfq449cfbjmp(CAM)</sublink>
<sublink>search</sublink>
<sublink>searchsd</sublink>
</link>
<thumbnail>https://image.tmdb.org/t/p/original/bUzOyCgsb6FLXco6mxaNufY0joi.jpg</thumbnail>
<fanart>https://image.tmdb.org/t/p/original/rz3TAyd5kmiJmozp3GUbYeB5Kep.jpg</fanart>
</item>

<item>
        <title>Molly's Game</title>
        <meta>
                <content>movie</content>
                <imdb>tt4209788</imdb>
                <title>Molly's Game</title>
                <year>2017</year>
                
        </meta>
        <link>
                <sublink>http://uptobox.com/0zno8bkongpe(HDCAM)</sublink>
                <sublink>search</sublink>
                <sublink>searchsd</sublink>
        </link>
        
        <thumbnail>https://image.tmdb.org/t/p/w640/5YC8iVPxvRrz53FdfdejDgUUk2k.jpg</thumbnail>
        <fanart>https://image.tmdb.org/t/p/w533_and_h300_bestv2/kJjmsKLpRBnGuuQjQbDxhFxC33x.jpg</fanart>
</item>

<item>
<title>Paddington 2 (HD CAM)</title>
<meta>
<content>movie</content>
<imdb>tt4468740</imdb>
<title>Paddington 2</title>
<year>2017</year>
</meta>
<link>
<sublink>http://fromv.ir/vip/Movie/Film/Paddington%202%202017/Paddington.2.2017.HDTS.720p%5BFromAnime%5D.mkv(HDCAM)</sublink>
<sublink>http://uptobox.com/asqlvcb9wqv7(HDCAM)</sublink>
<sublink>search</sublink>
<sublink>searchsd</sublink>
</link>
<animated_thumbnail></animated_thumbnail>
<thumbnail>https://image.tmdb.org/t/p/w185_and_h278_bestv2/gnXaUxdKD2t1B74cutWA5rjBLgD.jpg</thumbnail>
<animated_fanart></animated_fanart>
<fanart>https://image.tmdb.org/t/p/w533_and_h300_bestv2/vaFoWh0kBDrsqFVzgeWg7ayaBrr.jpg</fanart>
</item>

<item>
<title>The Post</title>
<meta>
<content>movie</content>
<imdb>tt6294822</imdb>
<title>The Post</title>
<year>2017</year>
    
</meta>
<link>
<sublink>https://weshare.me/d98d7f151c7e9e5f/The.Post.TS.720P-PRIVETIKSBET.mp4(HDTS 720p)</sublink>
<sublink>search</sublink>
<sublink>searchsd</sublink>
</link>
        
<thumbnail>https://image.tmdb.org/t/p/w640/5765ORvdKVX5bWmhEjjiOqLk3TH.jpg</thumbnail>
<fanart>https://image.tmdb.org/t/p/w533_and_h300_bestv2/8sb4aBST28vN3rBz704XJczS0Ld.jpg</fanart>
</item>

<item>
<title>Star Wars: The Last Jedi - TS</title>
<meta>
<content>movie</content>
<imdb>tt2527336</imdb>
<title>Star Wars: The Last Jedi</title>
<year>2017</year>
</meta>
<link>
<sublink>https://uptobox.com/bllka65yql3f(1080 HDTC)</sublink>        
<sublink>http://uptostream.com/8olx9cwm0ere(720P HDTC)</sublink>
<sublink>http://uptobox.com/bsa4xqxww41e(New TeleSync)</sublink>
<sublink>http://uptobox.com/cqw0hn06venw (HDCAM Internal)</sublink>
<sublink>search</sublink>
<sublink>searchsd</sublink>
</link>
<thumbnail>https://image.tmdb.org/t/p/original/xGWVjewoXnJhvxKW619cMzppJDQ.jpg</thumbnail>
<fanart>https://image.tmdb.org/t/p/original/pX5Pc7KMq8LprkKLJNkTwDBoMwJ.jpg</fanart>
</item>


<item>
<title>Wonder</title>
<meta>
<content>movie</content>
<imdb>tt2543472</imdb>
<title>Wonder</title>
<year>2017</year>
    
</meta>
<link> 
<sublink>https://weshare.me/312da401d7a7b3dd/Wonder.mp4(HDTS)</sublink>     
<sublink>search</sublink>
<sublink>searchsd</sublink>
</link>
        
<thumbnail>https://image.tmdb.org/t/p/w640/ouYgAatYH4JzIThj6FI3UYf31RI.jpg</thumbnail>
<fanart>https://image.tmdb.org/t/p/w533_and_h300_bestv2/f1Jv532UM9j6zrV2XVkHL7HyyIW.jpg</fanart>
</item>
