<dir>
  <title>Trending Movies</title>
  <link>https://raw.githubusercontent.com/z1gd0n/repository.z1gd0n/master/plugin.video.z1gzag/xml/screeners.xml</link>
</dir>

<dir>
  <title>Popular Movies</title>
  <trakt>https://api.trakt.tv/movies/popular</trakt>
</dir>

<dir>
  <title>Movie Watchlist</title>
  <trakt>https://api.trakt.tv/sync/watchlist/movies</trakt>
</dir>

<dir>
  <title>Movie Collection</title>
  <trakt>https://api.trakt.tv/sync/collection/movies</trakt>
</dir>

<dir>
  <title>Movie latest-releases</title>
  <trakt>http://api.trakt.tv/users/giladg/lists/latest-releases</trakt>
</dir>

<dir>
  <title>Search TV</title>
  <imdburl>searchseries</imdburl>
  <thumbnail></thumbnail>
</dir>

<dir>
  <title>Search Movies</title>
  <imdburl>searchmovies</imdburl>
  <thumbnail></thumbnail>
</dir>

<dir>
  <title>dubbed movies</title>
  <imdburl>ls074062679</imdburl>
</dir>

<dir>
  <title>TMDB Popular</title>
  <tmdb>movies/popular</tmdb>
</dir>

<dir>
  <title>TMDB Now Playing</title>
  <tmdb>movies/now_playing</tmdb>
</dir>

<dir>
  <title>TMDB Top Rated</title>
  <tmdb>movies/top_rated</tmdb>
</dir>

<dir>
  <title>TMDB Action Movies</title>
  <tmdb>genre/movies/28</tmdb>
</dir>

<dir>
  <title>TMDB Star Wars Collection</title>
  <tmdb>collection/10</tmdb>
</dir>

<dir>
  <title>Griff True Movies</title>
  <trakt>https://api.trakt.tv/users/documentaryrepo/lists/true-movies/items</trakt>
</dir>
