<?xml version="1.0" encoding="UTF-8" standalone="yes"?>
<addon id="plugin.video.scrapertest" version="0.0.1" name="Scraper test" provider-name="">
	<requires>
		<import addon="xbmc.python" version="2.19.0" />
		<import addon="script.module.nanscrapers"/>
		<import addon="script.mrknow.urlresolver" version="2016.10.29.2" />
		<import addon="script.module.metahandler" version="1.0.0" />
	</requires>
	<extension point="xbmc.python.pluginsource" library="default.py">
		<provides>video</provides>
	</extension>
	<extension point="xbmc.addon.metadata">
		<summary lang="en">Scraper test</summary>
		<platform>all</platform>
	</extension>
</addon>