<xml>
  <dir>
  <title>movies</title>
  <link>https://raw.githubusercontent.com/z1gd0n/repository.z1gd0n/master/plugin.video.z1gzag/xml/movies.xml</link>
  </dir>

  <dir>
  <title>live tv</title>
  <link>https://raw.githubusercontent.com/z1gd0n/repository.z1gd0n/master/plugin.video.z1gzag/xml/nan_tv.xml</link>
  </dir>

  <dir>
  <title>My lists</title>
  <trakt>https://api.trakt.tv/users/me/lists/</trakt>
  </dir>

  <dir>
  <title>new releases</title>
  <trakt>https://api.trakt.tv/users/me/lists/liked</trakt>
  </dir>

  <dir>
  <title>Search TMDB</title>
  <tmdb>search</tmdb>
  </dir>

  <plugin>
  <name>Testings</name>
  <link>plugin://plugin.video.jenplugin/?action=developer</link>
  <thumbnail></thumbnail>
  <summary>Testings</summary>
  </plugin>
  
  <item>
  <name>pawpatrol</name>
  <link>https://pastebin.com/yfxWaHBr</link>
  <thumbnail>https://images-eu.ssl-images-amazon.com/images/I/81uw4BJnTeL.png</thumbnail>
  </item>
  
  <dir>
          <name>pawpatrol</name>
          <meta>
                  <content>season</content>
                  <imdb></imdb>
                  <tvdb>272472</tvdb>
                  <tvshowtitle>paw patrol</tvshowtitle>
                  <year></year>
                  <season></season>
          </meta>
          <link>https://archive.org/download/pawcontrol</link>
          <animated_thumbnail></animated_thumbnail>
          <thumbnail>https://www.thetvdb.com/banners/_cache/posters/272472-4.jpg</thumbnail>
          <animated_fanart></animated_fanart>
          <fanart></fanart>
 </dir>
</xml>
