<?xml version="1.0" encoding="UTF-8"?>
<?xml-stylesheet href="hide-it.xsl" type="text\/xsl"?>
<layouttype>
# -=DONT STEAL OUR FUCKIN LINKS=-</layouttype>
#<\!----   DO NOT EDIT ABOVE THIS LINE!!!  BASIC OBFUSCATION METHODS!!!-->
<layouttype>list
 
<channels>
 
<channel><name>[COLOR cadetblue][B]Acestream Live Events [/B][/COLOR]</name><link>http://ignoreme</link><thumbnail>https://i.imgur.com/zPlDscs.png</thumbnail><fanart>https://i.imgur.com/qXPUn77.jpg</fanart></channel>
<channel><name>[COLOR red]Plexus & Acestream needed for these links to work [/COLOR]</name><link>http://</link><thumbnail>https://i.imgur.com/zPlDscs.png</thumbnail><fanart>https://i.imgur.com/qXPUn77.jpg</fanart></channel>
<channel><name>[COLOR slategrey][I]Live Events will be refreshed as they become available  [/I][/COLOR]</name><link>http://</link><thumbnail>https://i.imgur.com/zPlDscs.png</thumbnail><fanart>https://i.imgur.com/qXPUn77.jpg</fanart></channel>
<channel><name>[COLOR slategrey][I](back out of the Live Events List & re-enter to update)  [/I][/COLOR]</name><link>http://</link><thumbnail>https://i.imgur.com/zPlDscs.png</thumbnail><fanart>https://i.imgur.com/qXPUn77.jpg</fanart></channel>
<channel><name>[COLOR slategrey][I] Please remember its best to use VPN with Acestream links  [/I][/COLOR]</name><link>http://</link><thumbnail>https://i.imgur.com/zPlDscs.png</thumbnail><fanart>https://i.imgur.com/qXPUn77.jpg</fanart></channel>
<channel><name>[COLOR red] --------------------------------------------------------------------------------- [/COLOR]</name><link>http://</link><thumbnail>https://i.imgur.com/zPlDscs.png</thumbnail><fanart>https://i.imgur.com/qXPUn77.jpg</fanart></channel>

<channel>
<name>[COLOR white]Groves vs Eubank Jr.[/COLOR]</name>
<link>ignore</link>
<thumbnail>https://i.imgur.com/zPlDscs.png</thumbnail>
<fanart>https://i.imgur.com/qXPUn77.jpg</fanart>
<items>
	<item>
		<title>[COLOR cadetblue]Groves vs Eubank Jr. - [COLOR FFff8397b0][I]Link 1[/COLOR][/I]</title>
		<link>plugin://program.plexus/?url=acestream://70c24a0a1eb6015c642b65e58f4c104ec77f7000&amp;mode=1&amp;name=Acestream-Live-Event</link>
		<thumbnail>https://i.imgur.com/zPlDscs.png</thumbnail>
		<fanart>https://i.imgur.com/qXPUn77.jpg</fanart>
	</item>
	<item>
		<title>[COLOR cadetblue]Groves vs Eubank Jr. - [COLOR FFff8397b0][I]Link 2[/COLOR][/I]</title>
		<link>plugin://program.plexus/?url=acestream://b56c4c030e66baec8f9b65a88a84b5646722aa4c&amp;mode=1&amp;name=Acestream-Live-Event</link>
		<thumbnail>https://i.imgur.com/zPlDscs.png</thumbnail>
		<fanart>https://i.imgur.com/qXPUn77.jpg</fanart>
	</item>
	<item>
		<title>[COLOR cadetblue]Groves vs Eubank Jr. - [COLOR FFff8397b0][I]Link 3[/COLOR][/I]</title>
		<link>plugin://program.plexus/?url=acestream://3ef63a385f1a7e9a817b53c48c0b6e146b84b031&amp;mode=1&amp;name=Acestream-Live-Event</link>
		<thumbnail>https://i.imgur.com/zPlDscs.png</thumbnail>
		<fanart>https://i.imgur.com/qXPUn77.jpg</fanart>
	</item>
	<item>
		<title>[COLOR cadetblue]Groves vs Eubank Jr. - [COLOR FFff8397b0][I]Link 4[/COLOR][/I]</title>
		<link>plugin://program.plexus/?url=acestream://368eb3580fe1a4c955905fb4ae8055f27e90fb6b&amp;mode=1&amp;name=Acestream-Live-Event</link>
		<thumbnail>https://i.imgur.com/zPlDscs.png</thumbnail>
		<fanart>https://i.imgur.com/qXPUn77.jpg</fanart>
	</item>
	<item>
		<title>[COLOR cadetblue]Groves vs Eubank Jr. - [COLOR FFff8397b0][I]Link 5[/COLOR][/I]</title>
		<link>plugin://program.plexus/?url=acestream://368eb3580fe1a4c955905fb4ae8055f27e90fb6b&amp;mode=1&amp;name=Acestream-Live-Event</link>
		<thumbnail>https://i.imgur.com/zPlDscs.png</thumbnail>
		<fanart>https://i.imgur.com/qXPUn77.jpg</fanart>
	</item>
	<item>
		<title>[COLOR cadetblue]Groves vs Eubank Jr. - [COLOR FFff8397b0][I]Link 6[/COLOR][/I]</title>
		<link>plugin://program.plexus/?url=acestream://451b800808144195da964eb70fbb6919f6ee9ea7&amp;mode=1&amp;name=Acestream-Live-Event</link>
		<thumbnail>https://i.imgur.com/zPlDscs.png</thumbnail>
		<fanart>https://i.imgur.com/qXPUn77.jpg</fanart>
	</item>
</items>
 
</channels>
 
