<xml>
  <dir>
  <title>movies</title>
  <link>https://raw.githubusercontent.com/z1gd0n/repository.z1gd0n/master/plugin.video.z1gzag/xml/movies.xml</link>
  </dir>

  <dir>
  <title>live tv</title>
  <link>https://raw.githubusercontent.com/z1gd0n/repository.z1gd0n/master/plugin.video.z1gzag/xml/nan_tv.xml</link>
  </dir>

  <dir>
  <title>My lists</title>
  <trakt>https://api.trakt.tv/users/me/lists/</trakt>
  </dir>

 <plugin>
  <name>[COLOR white][B] Live[/B][/COLOR] [COLOR white][B]•[/B][/COLOR][COLOR red][B]Acestream Links[/B][/COLOR][COLOR FFff8397b0][I] (Acestream)[/I][/COLOR] [COLOR white][B]•[/B][/COLOR]</name>
  <link>plugin://plugin.video.live.streamspro/?url=http://PATH/TO/YOUR/XML/Plexus-LSPro.xml&mode=1&name=tv</link>
  <animated_thumbnail></animated_thumbnail>
  <animated_fanart></animated_fanart>
  <thumbnail></thumbnail>
  <fanart></fanart>
  <summary></summary>
  </plugin>
  
  <dir>
  <title>Search TMDB</title>
  <tmdb>search</tmdb>
  </dir>

  <plugin>
  <name>Testings</name>
  <link>plugin://plugin.video.jenplugin/?action=developer</link>
  <thumbnail></thumbnail>
  <summary>Testings</summary>
  </plugin>
  
</xml>
