<?xml version="1.0" encoding="UTF-8" standalone="yes"?>
<addon id="repository.z1gd0n" name="z1gd0n repo" version="0.0.9" provider-name="z1gd0n">
	<extension point="xbmc.addon.repository" name="z1gd0n repo">
		<dir>
			<info compressed="false">https://raw.githubusercontent.com/noobsandnerds/modules4all/master/zips/addons.xml</info>
			<checksum>https://raw.githubusercontent.com/noobsandnerds/modules4all/master/zips/addons.xml.md5</checksum>
			<datadir zip="true">https://raw.githubusercontent.com/noobsandnerds/modules4all/master/zips/</datadir>
		</dir>
		<info compressed="false">https://raw.githubusercontent.com/z1gd0n/repository.z1gd0n/master/zips/addons.xml</info>
		<checksum>https://raw.githubusercontent.com/z1gd0n/repository.z1gd0n/master/zips/addons.xml.md5</checksum>
		<datadir zip="true">https://raw.githubusercontent.com/z1gd0n/repository.z1gd0n/master/zips/</datadir>
	</extension>
	<extension point="xbmc.addon.metadata">
		<summary lang="en">z1gd0n repo</summary>
		<description lang="en">just having fun</description>
		<genre></genre>
	</extension>
</addon>